session_id,user_id,session_date
1,1,2026-03-04
2,1,2026-02-22
3,1,2026-01-14
4,1,2026-01-14
5,1,2026-01-23
6,2,2026-03-07
7,2,2026-01-28
8,3,2026-03-15
9,3,2026-03-14
10,4,2026-03-15
11,4,2026-03-07
12,5,2026-02-05
13,7,2026-01-10
14,7,2026-02-03
15,7,2026-03-10
16,7,2026-01-15
17,8,2026-03-21
18,9,2026-03-11
19,9,2026-03-18
20,9,2026-03-08
21,9,2026-03-06
22,9,2026-03-15
23,9,2026-03-29
24,9,2026-03-22
25,10,2026-03-03
26,10,2026-03-28
27,10,2026-02-08
28,10,2026-02-12
29,10,2026-02-03
30,10,2026-02-18
31,10,2026-02-27
32,10,2026-03-15
33,10,2026-03-24
34,10,2026-03-13
35,10,2026-02-10
36,10,2026-03-30
37,10,2026-03-31
38,11,2026-03-16
39,11,2026-03-15
40,13,2026-03-28
41,13,2026-03-08
42,13,2026-03-24
43,13,2026-03-24
44,13,2026-03-10
45,15,2026-03-20
46,15,2026-03-12
47,15,2026-03-07
48,15,2026-02-24
49,15,2026-02-07
50,15,2026-03-28
51,15,2026-03-28
52,18,2026-03-26
53,18,2026-03-04
54,19,2026-03-22
55,19,2026-03-18
56,19,2026-01-22
57,19,2026-02-25
58,20,2026-03-31
59,22,2026-02-05
60,22,2026-02-05
61,22,2026-03-01
62,22,2026-01-26
63,22,2026-02-16
64,22,2026-03-04
65,22,2026-02-03
66,24,2026-02-23
67,24,2026-03-07
68,24,2026-03-02
69,24,2026-03-02
70,25,2026-03-14
71,25,2026-03-21
72,25,2026-01-26
73,26,2026-03-20
74,26,2026-03-20
75,26,2026-03-09
76,26,2026-02-27
77,30,2026-03-27
78,31,2026-03-15
79,31,2026-02-02
80,31,2026-02-11
81,31,2026-02-27
82,32,2026-03-16
83,32,2026-02-18
84,32,2026-03-05
85,33,2026-03-26
86,33,2026-03-08
87,33,2026-03-05
88,34,2026-02-14
89,34,2026-01-22
90,34,2026-03-13
91,35,2026-03-05
92,36,2026-03-23
93,36,2026-03-25
94,39,2026-02-11
95,39,2026-03-31
96,39,2026-02-26
97,40,2026-02-20
98,40,2026-02-14
99,40,2026-03-10
100,40,2026-02-24
101,41,2026-03-18
102,41,2026-02-12
103,41,2026-02-08
104,41,2026-02-02
105,41,2026-02-19
106,43,2026-03-29
107,43,2026-01-28
108,43,2026-02-20
109,43,2026-02-18
110,43,2026-02-27
111,43,2026-03-26
112,43,2026-02-11
113,43,2026-03-26
114,43,2026-02-19
115,44,2026-02-11
116,44,2026-01-28
117,44,2026-02-25
118,45,2026-03-21
119,46,2026-03-12
120,46,2026-02-02
121,46,2026-02-19
122,46,2026-01-29
123,46,2026-03-20
124,46,2026-02-12
125,46,2026-02-01
126,46,2026-02-19
127,47,2026-03-16
128,48,2026-02-26
129,48,2026-01-13
130,48,2026-02-06
131,48,2026-02-28
132,48,2026-03-31
133,48,2026-02-21
134,48,2026-02-08
135,48,2026-01-23
136,48,2026-03-28
137,48,2026-03-07
138,48,2026-03-16
139,48,2026-01-12
140,49,2026-03-19
141,49,2026-03-05
142,50,2026-03-24
143,51,2026-02-24
144,51,2026-03-27
145,52,2026-03-30
146,52,2026-03-13
147,53,2026-01-29
148,53,2026-03-02
149,53,2026-03-18
150,53,2026-02-05
151,53,2026-02-09
152,54,2026-01-20
153,54,2026-03-09
154,54,2026-03-28
155,54,2026-02-14
156,55,2026-03-12
157,55,2026-02-18
158,57,2026-02-17
159,57,2026-02-16
160,57,2026-03-06
161,57,2026-03-30
162,57,2026-03-26
163,57,2026-03-21
164,57,2026-03-14
165,57,2026-03-16
166,58,2026-02-26
167,58,2026-01-20
168,58,2026-03-18
169,58,2026-03-12
170,59,2026-03-20
171,59,2026-02-12
172,59,2026-03-31
173,59,2026-03-02
174,59,2026-03-22
175,59,2026-01-29
176,59,2026-03-24
177,59,2026-03-18
178,60,2026-03-17
179,61,2026-03-27
180,61,2026-03-21
181,65,2026-02-17
182,65,2026-02-25
183,65,2026-03-09
184,66,2026-02-05
185,66,2026-02-22
186,68,2026-02-01
187,68,2026-02-22
188,68,2026-03-12
189,69,2026-03-25
190,70,2026-03-22
191,70,2026-03-10
192,70,2026-02-28
193,71,2026-03-26
194,71,2026-03-20
195,71,2026-03-22
196,73,2026-03-14
197,74,2026-03-07
198,74,2026-03-21
199,77,2026-03-08
200,77,2026-03-15
201,77,2026-03-07
202,77,2026-03-01
203,77,2026-03-15
204,78,2026-03-11
205,78,2026-03-15
206,80,2026-03-01
207,80,2026-03-02
208,81,2026-02-10
209,81,2026-03-09
210,81,2026-03-12
211,82,2026-01-19
212,82,2026-02-26
213,82,2026-02-21
214,82,2026-03-27
215,82,2026-02-24
216,82,2026-03-25
217,82,2026-02-25
218,82,2026-01-20
219,82,2026-03-20
220,82,2026-02-01
221,82,2026-01-24
222,83,2026-03-18
223,83,2026-02-20
224,83,2026-03-29
225,83,2026-02-23
226,83,2026-03-07
227,85,2026-03-03
228,85,2026-03-21
229,85,2026-03-14
230,85,2026-02-21
231,85,2026-03-01
232,87,2026-03-28
233,87,2026-03-27
234,88,2026-02-19
235,88,2026-03-12
236,89,2026-03-26
237,91,2026-03-01
238,91,2026-02-25
239,91,2026-03-23
240,91,2026-03-28
241,91,2026-03-31
242,92,2026-02-16
243,92,2026-02-23
244,92,2026-03-19
245,94,2026-03-22
246,94,2026-02-19
247,94,2026-03-17
248,94,2026-03-08
249,94,2026-02-18
250,94,2026-02-13
251,94,2026-02-22
252,94,2026-01-30
253,94,2026-02-09
254,95,2026-03-09
255,96,2026-03-08
256,96,2026-03-06
257,97,2026-02-12
258,97,2026-01-15
259,97,2026-03-31
260,97,2026-01-19
261,97,2026-02-16
262,97,2026-02-07
263,98,2026-03-26
264,99,2026-02-14
265,100,2026-03-30
266,100,2026-03-16
267,100,2026-03-10
268,100,2026-03-13
269,100,2026-03-21
270,101,2026-02-15
271,101,2026-03-19
272,103,2026-03-24
273,103,2026-03-17
274,105,2026-03-13
275,105,2026-02-26
276,105,2026-02-28
277,105,2026-03-25
278,106,2026-02-15
279,106,2026-02-27
280,106,2026-03-28
281,106,2026-02-21
282,106,2026-02-28
283,107,2026-03-31
284,107,2026-03-13
285,107,2026-03-13
286,108,2026-02-15
287,108,2026-01-28
288,108,2026-03-05
289,108,2026-03-01
290,108,2026-01-31
291,109,2026-02-12
292,109,2026-02-09
293,109,2026-02-15
294,109,2026-02-14
295,110,2026-03-07
296,110,2026-03-22
297,110,2026-03-04
298,111,2026-02-14
299,111,2026-03-04
300,111,2026-02-12
301,112,2026-03-26
302,113,2026-02-27
303,113,2026-03-10
304,113,2026-03-09
305,113,2026-02-16
306,114,2026-03-21
307,114,2026-02-15
308,114,2026-01-26
309,114,2026-01-28
310,114,2026-02-06
311,114,2026-03-01
312,114,2026-02-27
313,114,2026-02-07
314,114,2026-03-04
315,114,2026-03-30
316,114,2026-03-25
317,115,2026-03-28
318,116,2026-03-24
319,118,2026-03-21
320,120,2026-01-12
321,120,2026-03-24
322,120,2026-02-08
323,120,2026-01-25
324,120,2026-01-08
325,120,2026-01-21
326,120,2026-02-28
327,120,2026-03-15
328,120,2026-01-28
329,121,2026-03-19
330,121,2026-02-23
331,121,2026-03-27
332,121,2026-03-26
333,122,2026-03-25
334,122,2026-02-25
335,124,2026-03-21
336,124,2026-03-21
337,125,2026-03-12
338,126,2026-02-10
339,126,2026-03-25
340,126,2026-03-04
341,126,2026-02-26
342,126,2026-02-03
343,126,2026-02-17
344,127,2026-02-14
345,127,2026-02-07
346,127,2026-03-13
347,127,2026-03-11
348,127,2026-03-13
349,127,2026-03-31
350,127,2026-02-01
351,128,2026-03-28
352,128,2026-02-24
353,129,2026-02-25
354,129,2026-02-25
355,129,2026-03-28
356,130,2026-02-16
357,130,2026-02-14
358,130,2026-02-19
359,130,2026-03-26
360,130,2026-03-02
361,130,2026-02-14
362,130,2026-03-07
363,132,2026-01-22
364,133,2026-03-17
365,133,2026-03-26
366,133,2026-03-30
367,135,2026-02-18
368,135,2026-03-22
369,136,2026-03-29
370,137,2026-03-13
371,139,2026-02-04
372,139,2026-03-07
373,141,2026-03-14
374,141,2026-03-31
375,141,2026-03-31
376,142,2026-03-14
377,142,2026-02-26
378,142,2026-03-12
379,142,2026-03-20
380,143,2026-03-22
381,144,2026-02-22
382,145,2026-03-01
383,145,2026-03-23
384,145,2026-01-26
385,145,2026-03-17
386,145,2026-02-17
387,145,2026-03-15
388,145,2026-02-15
389,145,2026-02-09
390,145,2026-03-30
391,145,2026-02-26
392,145,2026-01-14
393,145,2026-03-07
394,146,2026-03-23
395,146,2026-03-16
396,146,2026-03-20
397,146,2026-02-02
398,147,2026-02-10
399,147,2026-01-15
400,147,2026-03-24
401,147,2026-02-17
402,147,2026-02-21
403,147,2026-02-28
404,147,2026-01-25
405,147,2026-03-05
406,147,2026-02-11
407,147,2026-02-07
408,147,2026-03-14
409,149,2026-03-23
410,149,2026-02-23
411,149,2026-02-20
412,150,2026-03-03
413,150,2026-03-15
414,150,2026-02-10
415,150,2026-02-05
416,150,2026-02-06
417,150,2026-01-12
418,151,2026-03-11
419,152,2026-03-11
420,152,2026-03-06
421,153,2026-03-28
422,153,2026-03-15
423,153,2026-03-21
424,153,2026-03-31
425,153,2026-03-03
426,153,2026-03-12
427,153,2026-02-24
428,153,2026-03-08
429,155,2026-01-14
430,157,2026-03-07
431,158,2026-02-28
432,158,2026-03-02
433,158,2026-02-10
434,158,2026-03-19
435,158,2026-01-15
436,159,2026-03-12
437,160,2026-02-16
438,160,2026-02-28
439,160,2026-03-15
440,160,2026-03-12
441,160,2026-02-25
442,161,2026-03-27
443,161,2026-01-29
444,161,2026-02-13
445,161,2026-03-23
446,161,2026-01-22
447,161,2026-01-22
448,161,2026-03-29
449,164,2026-03-25
450,165,2026-03-16
451,165,2026-03-09
452,166,2026-03-31
453,166,2026-03-22
454,168,2026-02-10
455,168,2026-01-13
456,168,2026-02-24
457,168,2026-01-19
458,168,2026-02-17
459,169,2026-03-27
460,171,2026-02-27
461,172,2026-02-07
462,172,2026-02-09
463,172,2026-01-16
464,172,2026-01-12
465,172,2026-01-12
466,173,2026-03-16
467,173,2026-03-31
468,174,2026-03-23
469,174,2026-02-14
470,175,2026-03-22
471,175,2026-03-24
472,176,2026-02-02
473,176,2026-02-12
474,176,2026-03-08
475,178,2026-01-24
476,178,2026-03-17
477,178,2026-01-30
478,178,2026-03-23
479,178,2026-03-05
480,178,2026-02-07
481,178,2026-03-05
482,178,2026-02-22
483,180,2026-03-27
484,180,2026-02-24
485,180,2026-03-14
486,181,2026-02-23
487,181,2026-03-01
488,181,2026-02-04
489,183,2026-03-27
490,184,2026-01-30
491,184,2026-01-11
492,185,2026-02-23
493,185,2026-03-01
494,185,2026-01-21
495,185,2026-01-14
496,186,2026-02-26
497,186,2026-02-13
498,186,2026-01-27
499,186,2026-03-11
500,186,2026-02-09
501,186,2026-01-16
502,186,2026-02-19
503,186,2026-01-18
504,186,2026-03-13
505,186,2026-01-22
506,186,2026-02-28
507,186,2026-02-18
508,186,2026-03-14
509,186,2026-02-05
510,189,2026-03-04
511,189,2026-01-20
512,189,2026-02-23
513,189,2026-01-17
514,189,2026-02-28
515,189,2026-03-25
516,189,2026-03-14
517,189,2026-01-21
518,189,2026-02-26
519,189,2026-02-15
520,189,2026-02-20
521,189,2026-03-02
522,190,2026-03-07
523,191,2026-02-18
524,192,2026-02-25
525,192,2026-03-03
526,192,2026-02-01
527,192,2026-03-24
528,192,2026-01-10
529,192,2026-03-17
530,192,2026-02-23
531,192,2026-02-27
532,192,2026-03-12
533,192,2026-01-07
534,192,2026-01-15
535,192,2026-02-20
536,193,2026-03-11
537,195,2026-02-24
538,195,2026-03-10
539,195,2026-03-07
540,196,2026-01-21
541,196,2026-02-02
542,196,2026-03-15
543,196,2026-03-25
544,196,2026-03-27
545,197,2026-03-12
546,198,2026-03-24
547,198,2026-01-18
548,198,2026-01-23
549,198,2026-03-19
550,198,2026-01-29
551,199,2026-03-01
552,199,2026-02-06
553,199,2026-01-28
554,199,2026-02-08
555,199,2026-01-13
556,199,2026-02-03
557,199,2026-01-17
558,199,2026-02-17
559,199,2026-02-20
560,199,2026-03-28
561,199,2026-01-18
562,199,2026-02-22
563,200,2026-03-31
564,200,2026-03-06
565,200,2026-02-14
566,200,2026-03-24
567,200,2026-03-05
568,200,2026-03-06
569,200,2026-02-05
570,201,2026-03-09
571,202,2026-02-26
572,202,2026-03-29
573,202,2026-03-10
574,206,2026-02-22
575,207,2026-03-18
576,207,2026-01-27
577,208,2026-02-15
578,208,2026-03-15
579,208,2026-03-22
580,211,2026-02-26
581,211,2026-02-06
582,211,2026-03-07
583,211,2026-01-26
584,211,2026-02-03
585,211,2026-03-11
586,211,2026-01-23
587,211,2026-01-07
588,211,2026-02-01
589,211,2026-02-26
590,211,2026-02-19
591,211,2026-03-10
592,211,2026-02-20
593,212,2026-03-18
594,212,2026-03-17
595,212,2026-03-02
596,213,2026-02-03
597,213,2026-03-04
598,213,2026-02-06
599,213,2026-02-16
600,213,2026-02-10
601,214,2026-03-16
602,215,2026-02-24
603,215,2026-03-07
604,217,2026-03-09
605,217,2026-03-13
606,217,2026-03-31
607,218,2026-02-21
608,218,2026-03-21
609,218,2026-02-21
610,218,2026-02-28
611,218,2026-03-19
612,218,2026-02-22
613,218,2026-03-05
614,218,2026-03-05
615,218,2026-02-13
616,219,2026-03-04
617,219,2026-02-02
618,221,2026-03-30
619,221,2026-03-22
620,221,2026-01-15
621,221,2026-03-21
622,222,2026-01-29
623,222,2026-03-15
624,222,2026-01-24
625,222,2026-01-25
626,222,2026-02-11
627,222,2026-02-26
628,222,2026-02-06
629,222,2026-03-04
630,223,2026-01-07
631,224,2026-03-16
632,224,2026-03-24
633,224,2026-03-20
634,224,2026-03-15
635,225,2026-03-28
636,225,2026-02-28
637,225,2026-02-01
638,225,2026-01-12
639,225,2026-02-06
640,226,2026-03-23
641,226,2026-02-14
642,227,2026-03-16
643,227,2026-03-10
644,227,2026-01-26
645,227,2026-02-16
646,227,2026-01-26
647,227,2026-02-05
648,227,2026-03-25
649,227,2026-01-11
650,229,2026-02-18
651,229,2026-02-02
652,229,2026-02-15
653,231,2026-02-20
654,231,2026-03-23
655,231,2026-02-24
656,232,2026-03-20
657,232,2026-02-05
658,232,2026-02-09
659,232,2026-02-27
660,233,2026-03-09
661,233,2026-03-21
662,233,2026-03-21
663,235,2026-02-18
664,235,2026-03-24
665,236,2026-03-02
666,240,2026-03-30
667,240,2026-02-18
668,240,2026-03-05
669,240,2026-02-26
670,240,2026-02-10
671,240,2026-02-20
672,240,2026-03-29
673,241,2026-03-22
674,241,2026-01-31
675,241,2026-03-01
676,242,2026-03-04
677,242,2026-03-28
678,244,2026-02-25
679,245,2026-02-17
680,245,2026-01-31
681,245,2026-03-25
682,247,2026-03-28
683,247,2026-03-28
684,249,2026-03-04
685,251,2026-03-26
686,252,2026-02-26
687,253,2026-02-27
688,253,2026-03-03
689,253,2026-03-07
690,253,2026-03-15
691,255,2026-01-25
692,255,2026-02-26
693,255,2026-02-20
694,255,2026-03-11
695,255,2026-02-23
696,257,2026-03-28
697,258,2026-02-20
698,258,2026-03-26
699,258,2026-02-23
700,258,2026-02-13
701,260,2026-02-06
702,261,2026-02-05
703,262,2026-03-26
704,262,2026-02-06
705,262,2026-02-25
706,262,2026-02-14
707,262,2026-02-23
708,262,2026-02-08
709,262,2026-03-07
710,262,2026-03-31
711,263,2026-03-07
712,263,2026-03-22
713,263,2026-02-17
714,266,2026-02-19
715,266,2026-03-25
716,268,2026-03-07
717,268,2026-02-13
718,269,2026-01-24
719,269,2026-02-08
720,269,2026-03-09
721,270,2026-03-23
722,270,2026-03-01
723,270,2026-03-13
724,272,2026-03-27
725,273,2026-03-21
726,274,2026-03-27
727,274,2026-03-03
728,274,2026-02-03
729,274,2026-03-05
730,274,2026-02-18
731,275,2026-03-12
732,275,2026-02-21
733,276,2026-02-24
734,276,2026-02-01
735,276,2026-03-01
736,276,2026-03-04
737,276,2026-03-17
738,276,2026-03-30
739,276,2026-02-18
740,276,2026-02-08
741,276,2026-03-27
742,276,2026-03-02
743,277,2026-02-15
744,277,2026-02-09
745,277,2026-02-06
746,277,2026-03-21
747,277,2026-02-07
748,277,2026-03-22
749,279,2026-03-13
750,279,2026-03-13
751,280,2026-03-09
752,280,2026-02-22
753,280,2026-02-17
754,280,2026-03-24
755,280,2026-02-14
756,281,2026-03-25
757,281,2026-03-21
758,281,2026-03-17
759,281,2026-03-08
760,284,2026-02-04
761,284,2026-01-25
762,287,2026-03-09
763,287,2026-02-03
764,287,2026-01-31
765,289,2026-03-06
766,289,2026-03-06
767,290,2026-01-23
768,292,2026-03-08
769,292,2026-03-15
770,292,2026-03-10
771,294,2026-01-17
772,297,2026-03-18
773,297,2026-03-21
774,297,2026-03-04
775,297,2026-02-08
776,299,2026-03-14
777,300,2026-03-26
778,301,2026-03-19
779,301,2026-03-22
780,303,2026-02-02
781,303,2026-03-26
782,303,2026-02-15
783,303,2026-02-04
784,303,2026-03-10
785,303,2026-03-24
786,304,2026-03-16
787,304,2026-03-12
788,305,2026-03-30
789,305,2026-03-11
790,305,2026-03-14
791,306,2026-03-13
792,306,2026-02-23
793,307,2026-01-20
794,307,2026-03-26
795,307,2026-03-19
796,307,2026-02-22
797,307,2026-01-26
798,307,2026-03-29
799,307,2026-02-19
800,308,2026-03-05
801,308,2026-02-09
802,309,2026-03-20
803,309,2026-01-13
804,309,2026-03-06
805,309,2026-01-14
806,309,2026-03-15
807,309,2026-03-22
808,310,2026-03-21
809,311,2026-03-20
810,312,2026-03-28
811,312,2026-03-05
812,312,2026-03-05
813,312,2026-03-07
814,313,2026-02-24
815,313,2026-01-30
816,315,2026-02-22
817,315,2026-02-16
818,315,2026-02-28
819,315,2026-03-31
820,315,2026-03-29
821,315,2026-02-28
822,315,2026-02-20
823,315,2026-03-04
824,317,2026-02-03
825,317,2026-02-14
826,317,2026-01-30
827,317,2026-03-31
828,317,2026-01-27
829,317,2026-02-13
830,317,2026-02-25
831,318,2026-02-07
832,319,2026-03-06
833,319,2026-02-16
834,319,2026-03-13
835,321,2026-03-21
836,321,2026-03-16
837,321,2026-03-20
838,321,2026-03-08
839,321,2026-03-10
840,322,2026-02-16
841,322,2026-02-02
842,322,2026-03-29
843,322,2026-01-17
844,323,2026-02-04
845,323,2026-03-15
846,323,2026-01-17
847,323,2026-03-06
848,323,2026-03-28
849,323,2026-02-17
850,323,2026-01-16
851,323,2026-02-10
852,323,2026-02-06
853,323,2026-01-22
854,325,2026-03-18
855,326,2026-03-11
856,326,2026-03-10
857,326,2026-03-10
858,326,2026-03-06
859,326,2026-03-30
860,326,2026-03-05
861,326,2026-03-26
862,326,2026-03-29
863,326,2026-02-21
864,326,2026-03-24
865,327,2026-03-15
866,327,2026-03-18
867,327,2026-03-23
868,328,2026-02-25
869,329,2026-03-12
870,329,2026-03-27
871,329,2026-03-29
872,329,2026-03-30
873,330,2026-02-04
874,330,2026-01-07
875,330,2026-02-28
876,330,2026-01-08
877,330,2026-01-30
878,331,2026-03-25
879,332,2026-03-22
880,333,2026-03-26
881,334,2026-02-10
882,335,2026-03-11
883,336,2026-02-25
884,336,2026-03-08
885,336,2026-03-14
886,336,2026-02-18
887,337,2026-03-10
888,338,2026-03-12
889,339,2026-01-10
890,340,2026-03-24
891,341,2026-01-11
892,341,2026-02-25
893,341,2026-03-11
894,341,2026-03-19
895,341,2026-03-24
896,341,2026-03-17
897,341,2026-03-26
898,342,2026-01-31
899,342,2026-02-19
900,342,2026-01-23
901,342,2026-01-14
902,342,2026-03-20
903,342,2026-03-23
904,342,2026-03-23
905,342,2026-02-28
906,342,2026-01-29
907,342,2026-02-01
908,342,2026-03-08
909,343,2026-03-21
910,344,2026-03-18
911,344,2026-03-14
912,344,2026-03-22
913,344,2026-02-25
914,344,2026-02-22
915,345,2026-03-16
916,345,2026-03-14
917,346,2026-03-22
918,346,2026-02-25
919,347,2026-02-21
920,347,2026-03-17
921,347,2026-02-19
922,349,2026-03-30
923,349,2026-02-02
924,349,2026-01-31
925,349,2026-01-28
926,349,2026-03-17
927,350,2026-03-30
928,351,2026-03-31
929,353,2026-02-19
930,353,2026-03-04
931,353,2026-01-24
932,353,2026-01-28
933,354,2026-02-16
934,355,2026-03-15
935,355,2026-02-28
936,356,2026-03-29
937,356,2026-03-03
938,356,2026-03-14
939,356,2026-03-25
940,357,2026-03-16
941,357,2026-02-22
942,359,2026-01-22
943,360,2026-03-16
944,360,2026-03-20
945,360,2026-03-13
946,360,2026-03-20
947,362,2026-03-30
948,363,2026-02-20
949,364,2026-03-25
950,365,2026-03-16
951,367,2026-03-15
952,367,2026-03-09
953,369,2026-03-25
954,370,2026-01-19
955,370,2026-02-05
956,371,2026-02-09
957,371,2026-03-22
958,371,2026-03-07
959,371,2026-02-22
960,371,2026-03-11
961,371,2026-01-27
962,371,2026-01-28
963,371,2026-02-03
964,371,2026-02-03
965,371,2026-01-27
966,371,2026-01-07
967,371,2026-02-10
968,371,2026-01-08
969,371,2026-02-06
970,372,2026-02-15
971,373,2026-03-02
972,373,2026-03-27
973,373,2026-02-18
974,374,2026-02-14
975,374,2026-02-19
976,374,2026-02-12
977,374,2026-03-17
978,374,2026-01-26
979,374,2026-02-03
980,374,2026-01-30
981,374,2026-02-26
982,374,2026-01-28
983,375,2026-03-06
984,375,2026-02-02
985,377,2026-03-12
986,378,2026-03-28
987,379,2026-03-16
988,379,2026-03-08
989,380,2026-03-03
990,380,2026-02-12
991,380,2026-01-14
992,380,2026-02-18
993,380,2026-03-11
994,381,2026-01-08
995,381,2026-01-09
996,381,2026-02-03
997,381,2026-01-28
998,381,2026-03-10
999,381,2026-03-09
1000,382,2026-02-08
1001,382,2026-03-22
1002,382,2026-02-03
1003,382,2026-03-24
1004,382,2026-02-16
1005,383,2026-02-18
1006,383,2026-03-22
1007,383,2026-03-11
1008,385,2026-03-29
1009,385,2026-03-13
1010,386,2026-03-04
1011,386,2026-03-16
1012,386,2026-03-19
1013,386,2026-03-10
1014,387,2026-03-18
1015,387,2026-02-17
1016,389,2026-03-27
1017,389,2026-03-03
1018,389,2026-03-25
1019,391,2026-01-11
1020,391,2026-03-24
1021,391,2026-03-15
1022,391,2026-02-20
1023,391,2026-03-31
1024,391,2026-01-09
1025,391,2026-03-05
1026,391,2026-03-09
1027,391,2026-03-24
1028,391,2026-03-30
1029,391,2026-01-14
1030,391,2026-03-06
1031,392,2026-03-02
1032,392,2026-02-22
1033,392,2026-02-25
1034,392,2026-03-07
1035,392,2026-03-26
1036,393,2026-02-20
1037,393,2026-03-10
1038,393,2026-03-27
1039,393,2026-03-18
1040,393,2026-03-17
1041,393,2026-02-19
1042,393,2026-03-31
1043,393,2026-02-03
1044,393,2026-03-16
1045,393,2026-01-26
1046,393,2026-01-30
1047,394,2026-03-25
1048,394,2026-02-24
1049,394,2026-03-05
1050,394,2026-02-15
1051,394,2026-01-21
1052,394,2026-03-16
1053,394,2026-01-10
1054,394,2026-03-12
1055,394,2026-01-15
1056,394,2026-02-28
1057,396,2026-03-07
1058,397,2026-03-09
1059,397,2026-03-22
1060,398,2026-02-26
1061,398,2026-02-13
1062,398,2026-02-26
1063,398,2026-03-08
1064,398,2026-03-25
1065,398,2026-03-23
1066,398,2026-03-25
1067,401,2026-01-08
1068,401,2026-02-15
1069,403,2026-02-25
1070,404,2026-03-15
1071,404,2026-03-31
1072,404,2026-03-29
1073,404,2026-01-30
1074,404,2026-03-13
1075,404,2026-02-09
1076,404,2026-02-23
1077,404,2026-02-10
1078,404,2026-03-18
1079,405,2026-03-04
1080,405,2026-02-16
1081,405,2026-02-14
1082,406,2026-03-12
1083,406,2026-03-22
1084,406,2026-03-26
1085,406,2026-03-23
1086,407,2026-02-25
1087,407,2026-02-17
1088,407,2026-02-11
1089,409,2026-03-09
1090,409,2026-03-29
1091,409,2026-03-16
1092,409,2026-03-19
1093,409,2026-02-25
1094,410,2026-03-23
1095,410,2026-01-26
1096,410,2026-02-23
1097,410,2026-03-03
1098,410,2026-02-19
1099,410,2026-01-25
1100,410,2026-02-14
1101,410,2026-03-02
1102,410,2026-02-12
1103,412,2026-03-07
1104,413,2026-02-28
1105,413,2026-02-16
1106,413,2026-02-24
1107,413,2026-03-14
1108,413,2026-01-26
1109,413,2026-03-13
1110,415,2026-03-19
1111,415,2026-02-25
1112,415,2026-03-06
1113,415,2026-03-10
1114,415,2026-03-28
1115,415,2026-03-29
1116,415,2026-03-11
1117,416,2026-03-08
1118,417,2026-01-23
1119,418,2026-03-15
1120,418,2026-03-04
1121,419,2026-02-13
1122,419,2026-02-25
1123,419,2026-01-10
1124,419,2026-03-19
1125,419,2026-01-26
1126,419,2026-01-13
1127,419,2026-01-31
1128,421,2026-03-31
1129,421,2026-02-27
1130,422,2026-03-20
1131,422,2026-03-22
1132,422,2026-03-30
1133,422,2026-02-28
1134,422,2026-03-20
1135,422,2026-03-20
1136,423,2026-03-12
1137,423,2026-03-05
1138,425,2026-03-27
1139,425,2026-03-08
1140,426,2026-01-31
1141,426,2026-01-04
1142,426,2026-01-26
1143,426,2026-03-08
1144,426,2026-01-09
1145,427,2026-01-16
1146,427,2026-02-02
1147,427,2026-03-14
1148,428,2026-03-14
1149,429,2026-03-23
1150,429,2026-03-14
1151,429,2026-01-14
1152,429,2026-03-25
1153,429,2026-01-26
1154,430,2026-03-20
1155,431,2026-01-14
1156,431,2026-03-20
1157,431,2026-03-26
1158,431,2026-03-15
1159,431,2026-03-23
1160,432,2026-02-07
1161,432,2026-03-07
1162,432,2026-03-21
1163,432,2026-03-01
1164,435,2026-03-30
1165,435,2026-01-19
1166,435,2026-02-20
1167,435,2026-02-17
1168,435,2026-01-08
1169,435,2026-02-03
1170,435,2026-01-19
1171,435,2026-01-27
1172,436,2026-02-02
1173,436,2026-01-29
1174,436,2026-02-06
1175,436,2026-02-27
1176,436,2026-03-10
1177,436,2026-02-17
1178,436,2026-02-13
1179,436,2026-02-25
1180,436,2026-03-20
1181,436,2026-02-26
1182,436,2026-03-22
1183,436,2026-01-28
1184,438,2026-03-08
1185,438,2026-02-25
1186,439,2026-03-22
1187,440,2026-02-16
1188,440,2026-03-03
1189,441,2026-03-02
1190,441,2026-03-17
1191,442,2026-03-15
1192,442,2026-02-26
1193,444,2026-03-31
1194,444,2026-02-13
1195,444,2026-02-05
1196,444,2026-03-01
1197,445,2026-03-19
1198,445,2026-03-21
1199,445,2026-01-17
1200,445,2026-03-23
1201,445,2026-01-24
1202,445,2026-02-14
1203,445,2026-03-29
1204,445,2026-02-13
1205,445,2026-02-11
1206,445,2026-03-02
1207,446,2026-02-10
1208,446,2026-02-01
1209,446,2026-02-01
1210,446,2026-03-03
1211,447,2026-03-29
1212,447,2026-02-23
1213,447,2026-03-14
1214,447,2026-02-21
1215,447,2026-03-23
1216,447,2026-03-01
1217,447,2026-03-15
1218,447,2026-02-19
1219,447,2026-03-25
1220,447,2026-03-14
1221,448,2026-03-28
1222,449,2026-03-12
1223,449,2026-03-10
1224,451,2026-03-20
1225,451,2026-03-16
1226,452,2026-01-21
1227,452,2026-03-06
1228,452,2026-03-26
1229,452,2026-01-24
1230,452,2026-02-21
1231,452,2026-03-28
1232,452,2026-03-27
1233,452,2026-03-07
1234,452,2026-01-29
1235,452,2026-02-17
1236,453,2026-03-23
1237,454,2026-01-20
1238,454,2026-03-25
1239,454,2026-03-01
1240,454,2026-03-19
1241,454,2026-01-20
1242,454,2026-03-21
1243,454,2026-02-15
1244,454,2026-02-25
1245,454,2026-03-13
1246,455,2026-03-13
1247,457,2026-02-04
1248,457,2026-02-16
1249,457,2026-02-05
1250,459,2026-03-07
1251,459,2026-03-22
1252,459,2026-02-20
1253,460,2026-02-18
1254,460,2026-03-13
1255,460,2026-03-05
1256,460,2026-02-13
1257,460,2026-03-31
1258,460,2026-02-23
1259,461,2026-03-24
1260,463,2026-03-25
1261,464,2026-02-19
1262,464,2026-03-27
1263,465,2026-02-10
1264,465,2026-02-15
1265,465,2026-03-05
1266,465,2026-02-03
1267,465,2026-01-18
1268,466,2026-03-10
1269,466,2026-02-14
1270,467,2026-03-27
1271,467,2026-03-02
1272,467,2026-03-18
1273,467,2026-03-01
1274,468,2026-03-09
1275,469,2026-03-15
1276,469,2026-01-24
1277,469,2026-03-12
1278,469,2026-02-20
1279,470,2026-02-24
1280,470,2026-03-26
1281,470,2026-03-25
1282,470,2026-03-11
1283,470,2026-03-31
1284,470,2026-03-09
1285,470,2026-03-19
1286,471,2026-03-19
1287,471,2026-03-08
1288,472,2026-02-27
1289,475,2026-03-23
1290,475,2026-03-26
1291,476,2026-02-09
1292,476,2026-02-04
1293,479,2026-02-27
1294,479,2026-03-07
1295,479,2026-02-27
1296,480,2026-02-04
1297,481,2026-03-16
1298,483,2026-03-19
1299,483,2026-03-10
1300,483,2026-03-10
1301,483,2026-01-31
1302,483,2026-03-30
1303,483,2026-02-16
1304,483,2026-03-22
1305,483,2026-02-19
1306,483,2026-02-10
1307,483,2026-02-22
1308,483,2026-03-11
1309,483,2026-02-21
1310,483,2026-02-18
1311,484,2026-03-23
1312,484,2026-02-04
1313,484,2026-03-13
1314,485,2026-02-28
1315,485,2026-03-04
1316,485,2026-03-03
1317,485,2026-03-23
1318,485,2026-03-29
1319,485,2026-02-25
1320,485,2026-03-14
1321,485,2026-02-12
1322,485,2026-03-15
1323,487,2026-02-16
1324,487,2026-03-04
1325,487,2026-03-25
1326,490,2026-03-15
1327,490,2026-02-03
1328,492,2026-02-18
1329,492,2026-03-10
1330,492,2026-02-21
1331,493,2026-03-28
1332,493,2026-03-30
1333,494,2026-03-09
1334,494,2026-03-16
1335,494,2026-03-04
1336,494,2026-03-20
1337,494,2026-03-16
1338,494,2026-03-23
1339,494,2026-02-18
1340,494,2026-03-15
1341,494,2026-03-10
1342,494,2026-03-24
1343,494,2026-02-20
1344,494,2026-03-18
1345,495,2026-01-29
1346,497,2026-03-24
1347,497,2026-02-22
1348,497,2026-03-13
1349,497,2026-03-06
1350,497,2026-03-17
1351,497,2026-03-03
1352,497,2026-03-27
1353,499,2026-03-21
1354,499,2026-03-17
1355,499,2026-03-28
1356,499,2026-03-07
1357,499,2026-03-08
1358,499,2026-03-23
1359,500,2026-02-08
1360,500,2026-02-14
1361,501,2026-03-26
1362,501,2026-03-21
1363,501,2026-03-26
1364,503,2026-02-27
1365,503,2026-02-26
1366,503,2026-03-05
1367,503,2026-03-30
1368,503,2026-03-06
1369,503,2026-03-12
1370,505,2026-03-16
1371,505,2026-01-30
1372,505,2026-02-01
1373,505,2026-01-18
1374,506,2026-03-30
1375,508,2026-03-29
1376,508,2026-03-28
1377,509,2026-03-18
1378,510,2026-03-24
1379,512,2026-03-30
1380,512,2026-03-20
1381,512,2026-03-27
1382,513,2026-03-11
1383,515,2026-03-07
1384,515,2026-02-09
1385,515,2026-03-03
1386,515,2026-02-26
1387,515,2026-03-27
1388,515,2026-01-26
1389,515,2026-03-14
1390,515,2026-03-21
1391,515,2026-01-15
1392,515,2026-03-09
1393,515,2026-03-19
1394,515,2026-01-20
1395,517,2026-03-20
1396,518,2026-03-06
1397,518,2026-03-20
1398,518,2026-03-06
1399,519,2026-03-06
1400,519,2026-03-13
1401,519,2026-02-01
1402,519,2026-02-08
1403,519,2026-03-10
1404,520,2026-02-28
1405,520,2026-02-16
1406,520,2026-01-28
1407,520,2026-02-23
1408,520,2026-01-30
1409,520,2026-01-28
1410,520,2026-03-30
1411,520,2026-02-07
1412,520,2026-01-24
1413,520,2026-01-20
1414,521,2026-03-31
1415,522,2026-02-28
1416,522,2026-03-24
1417,522,2026-03-25
1418,522,2026-03-16
1419,523,2026-02-04
1420,523,2026-02-11
1421,524,2026-03-20
1422,524,2026-02-15
1423,524,2026-02-14
1424,524,2026-03-02
1425,524,2026-01-20
1426,524,2026-03-24
1427,524,2026-03-27
1428,524,2026-01-29
1429,524,2026-02-16
1430,524,2026-03-11
1431,525,2026-03-22
1432,526,2026-02-22
1433,526,2026-02-26
1434,527,2026-01-18
1435,527,2026-02-09
1436,527,2026-02-25
1437,527,2026-02-17
1438,527,2026-02-03
1439,528,2026-02-18
1440,528,2026-03-30
1441,528,2026-03-17
1442,528,2026-02-22
1443,529,2026-02-02
1444,529,2026-01-28
1445,530,2026-03-10
1446,531,2026-03-18
1447,531,2026-03-19
1448,531,2026-03-12
1449,531,2026-03-10
1450,531,2026-03-11
1451,531,2026-03-11
1452,531,2026-03-09
1453,532,2026-02-22
1454,532,2026-02-10
1455,532,2026-01-19
1456,532,2026-03-23
1457,535,2026-02-22
1458,536,2026-02-22
1459,537,2026-01-31
1460,538,2026-03-19
1461,538,2026-01-12
1462,538,2026-02-13
1463,540,2026-03-17
1464,540,2026-01-29
1465,540,2026-02-05
1466,540,2026-02-03
1467,540,2026-03-12
1468,540,2026-03-15
1469,540,2026-02-05
1470,540,2026-02-15
1471,541,2026-03-13
1472,541,2026-03-28
1473,541,2026-03-17
1474,542,2026-02-01
1475,542,2026-02-20
1476,542,2026-01-19
1477,542,2026-02-27
1478,543,2026-02-11
1479,543,2026-03-09
1480,545,2026-03-06
1481,545,2026-03-17
1482,545,2026-03-09
1483,545,2026-02-19
1484,545,2026-03-05
1485,545,2026-02-11
1486,545,2026-03-28
1487,545,2026-03-31
1488,545,2026-03-18
1489,545,2026-02-19
1490,545,2026-02-04
1491,547,2026-01-12
1492,547,2026-03-17
1493,547,2026-03-06
1494,547,2026-02-21
1495,547,2026-01-25
1496,547,2026-03-03
1497,547,2026-03-26
1498,548,2026-03-26
1499,548,2026-03-22
1500,548,2026-03-12
1501,548,2026-02-22
1502,548,2026-03-01
1503,548,2026-03-11
1504,548,2026-03-02
1505,548,2026-03-05
1506,549,2026-03-18
1507,549,2026-03-06
1508,549,2026-02-23
1509,550,2026-02-18
1510,550,2026-03-08
1511,550,2026-02-25
1512,550,2026-03-29
1513,550,2026-02-27
1514,550,2026-03-25
1515,552,2026-03-22
1516,552,2026-03-25
1517,553,2026-03-09
1518,553,2026-02-01
1519,554,2026-03-03
1520,555,2026-03-29
1521,556,2026-03-18
1522,556,2026-03-06
1523,556,2026-03-28
1524,556,2026-03-21
1525,557,2026-03-21
1526,557,2026-01-31
1527,557,2026-03-30
1528,557,2026-03-15
1529,558,2026-03-07
1530,558,2026-03-27
1531,559,2026-03-13
1532,559,2026-03-05
1533,559,2026-02-23
1534,561,2026-03-27
1535,563,2026-03-23
1536,563,2026-01-30
1537,563,2026-02-27
1538,564,2026-03-03
1539,565,2026-03-01
1540,567,2026-02-22
1541,567,2026-01-21
1542,567,2026-01-06
1543,567,2026-02-24
1544,568,2026-03-07
1545,568,2026-02-12
1546,568,2026-03-22
1547,569,2026-02-08
1548,569,2026-01-26
1549,569,2026-01-23
1550,570,2026-03-20
1551,572,2026-03-15
1552,573,2026-03-16
1553,573,2026-03-30
1554,573,2026-03-28
1555,573,2026-03-31
1556,573,2026-03-11
1557,575,2026-03-16
1558,575,2026-02-28
1559,575,2026-03-15
1560,575,2026-03-24
1561,575,2026-03-03
1562,575,2026-03-12
1563,575,2026-03-26
1564,577,2026-03-02
1565,579,2026-01-20
1566,580,2026-03-20
1567,580,2026-03-18
1568,580,2026-03-31
1569,581,2026-02-22
1570,581,2026-03-08
1571,581,2026-03-16
1572,581,2026-03-28
1573,582,2026-03-14
1574,583,2026-03-14
1575,583,2026-03-25
1576,583,2026-02-01
1577,583,2026-02-15
1578,583,2026-02-21
1579,583,2026-03-08
1580,583,2026-03-07
1581,583,2026-02-04
1582,584,2026-03-14
1583,584,2026-02-25
1584,584,2026-03-19
1585,584,2026-03-31
1586,585,2026-03-25
1587,586,2026-03-02
1588,587,2026-02-04
1589,587,2026-02-05
1590,587,2026-02-17
1591,588,2026-01-30
1592,588,2026-02-12
1593,588,2026-03-07
1594,588,2026-03-03
1595,588,2026-03-04
1596,588,2026-03-24
1597,588,2026-03-21
1598,589,2026-03-07
1599,590,2026-03-23
1600,591,2026-03-22
1601,591,2026-01-09
1602,592,2026-03-16
1603,592,2026-02-16
1604,592,2026-03-08
1605,593,2026-03-16
1606,595,2026-03-13
1607,596,2026-03-31
1608,597,2026-03-08
1609,597,2026-03-17
1610,598,2026-03-22
1611,601,2026-03-20
1612,601,2026-01-09
1613,601,2026-03-25
1614,601,2026-03-03
1615,601,2026-01-04
1616,601,2026-03-11
1617,603,2026-01-26
1618,603,2026-03-06
1619,603,2026-03-31
1620,603,2026-02-01
1621,603,2026-01-17
1622,603,2026-03-20
1623,605,2026-03-12
1624,605,2026-03-29
1625,606,2026-03-26
1626,606,2026-02-19
1627,606,2026-02-13
1628,607,2026-03-04
1629,607,2026-03-17
1630,608,2026-01-14
1631,608,2026-03-01
1632,608,2026-03-31
1633,608,2026-02-13
1634,608,2026-02-19
1635,608,2026-01-26
1636,609,2026-03-23
1637,611,2026-03-10
1638,611,2026-02-27
1639,614,2026-02-16
1640,614,2026-02-16
1641,615,2026-03-18
1642,615,2026-02-14
1643,616,2026-03-24
1644,617,2026-01-06
1645,617,2026-02-13
1646,617,2026-02-24
1647,617,2026-03-13
1648,617,2026-02-14
1649,617,2026-03-06
1650,617,2026-02-28
1651,618,2026-03-06
1652,619,2026-03-29
1653,620,2026-03-03
1654,620,2026-03-21
1655,620,2026-02-05
1656,620,2026-01-17
1657,620,2026-01-12
1658,620,2026-03-19
1659,620,2026-02-16
1660,620,2026-02-28
1661,620,2026-03-03
1662,620,2026-03-15
1663,620,2026-01-29
1664,620,2026-03-07
1665,621,2026-03-07
1666,621,2026-03-07
1667,623,2026-03-26
1668,623,2026-03-24
1669,623,2026-03-04
1670,623,2026-02-13
1671,624,2026-03-13
1672,624,2026-02-15
1673,624,2026-03-10
1674,624,2026-01-25
1675,626,2026-03-28
1676,626,2026-03-12
1677,626,2026-03-27
1678,626,2026-03-18
1679,626,2026-03-26
1680,627,2026-03-18
1681,628,2026-01-26
1682,629,2026-02-04
1683,629,2026-03-12
1684,629,2026-03-13
1685,629,2026-03-29
1686,629,2026-03-25
1687,629,2026-03-06
1688,629,2026-02-11
1689,629,2026-03-16
1690,629,2026-03-25
1691,629,2026-02-02
1692,629,2026-03-03
1693,629,2026-03-30
1694,630,2026-03-25
1695,630,2026-03-29
1696,631,2026-01-19
1697,631,2026-02-27
1698,631,2026-01-26
1699,631,2026-01-05
1700,632,2026-02-03
1701,632,2026-02-26
1702,632,2026-03-16
1703,632,2026-03-03
1704,632,2026-03-03
1705,632,2026-02-18
1706,632,2026-02-22
1707,632,2026-02-27
1708,632,2026-02-20
1709,632,2026-03-22
1710,632,2026-02-27
1711,632,2026-03-17
1712,633,2026-02-07
1713,633,2026-01-07
1714,633,2026-03-11
1715,633,2026-03-15
1716,633,2026-03-13
1717,633,2026-01-07
1718,633,2026-03-18
1719,634,2026-03-04
1720,634,2026-03-21
1721,635,2026-03-06
1722,635,2026-03-02
1723,637,2026-03-15
1724,637,2026-02-19
1725,638,2026-03-11
1726,640,2026-03-01
1727,640,2026-03-22
1728,640,2026-03-25
1729,640,2026-03-16
1730,640,2026-03-30
1731,640,2026-03-04
1732,640,2026-03-16
1733,640,2026-03-11
1734,642,2026-02-20
1735,642,2026-03-09
1736,643,2026-02-03
1737,643,2026-02-22
1738,643,2026-03-20
1739,643,2026-03-31
1740,643,2026-03-06
1741,643,2026-03-05
1742,643,2026-01-19
1743,643,2026-03-11
1744,643,2026-02-13
1745,643,2026-02-09
1746,643,2026-03-08
1747,643,2026-02-05
1748,643,2026-01-25
1749,644,2026-03-18
1750,644,2026-01-23
1751,644,2026-03-02
1752,644,2026-01-23
1753,645,2026-02-08
1754,645,2026-03-20
1755,646,2026-02-22
1756,647,2026-02-06
1757,648,2026-03-20
1758,648,2026-03-16
1759,648,2026-03-02
1760,648,2026-03-12
1761,649,2026-03-21
1762,651,2026-03-16
1763,651,2026-02-04
1764,651,2026-03-13
1765,652,2026-03-13
1766,653,2026-03-22
1767,653,2026-02-18
1768,655,2026-02-14
1769,655,2026-03-28
1770,655,2026-03-10
1771,655,2026-02-09
1772,655,2026-03-04
1773,655,2026-03-30
1774,656,2026-02-26
1775,657,2026-02-25
1776,658,2026-03-22
1777,658,2026-03-11
1778,658,2026-03-28
1779,659,2026-01-23
1780,659,2026-03-19
1781,659,2026-03-10
1782,659,2026-02-01
1783,659,2026-02-11
1784,659,2026-02-20
1785,659,2026-03-05
1786,659,2026-02-24
1787,659,2026-03-11
1788,659,2026-02-01
1789,660,2026-03-05
1790,661,2026-03-22
1791,661,2026-01-25
1792,661,2026-01-26
1793,661,2026-03-25
1794,661,2026-02-16
1795,661,2026-03-06
1796,661,2026-02-17
1797,661,2026-02-25
1798,661,2026-03-02
1799,662,2026-02-03
1800,662,2026-02-02
1801,662,2026-03-03
1802,662,2026-03-15
1803,662,2026-03-06
1804,662,2026-03-27
1805,662,2026-01-20
1806,662,2026-03-04
1807,662,2026-01-24
1808,662,2026-03-14
1809,662,2026-01-15
1810,662,2026-01-13
1811,662,2026-01-29
1812,662,2026-02-27
1813,663,2026-03-28
1814,664,2026-03-28
1815,664,2026-02-27
1816,664,2026-03-18
1817,666,2026-03-18
1818,666,2026-03-18
1819,667,2026-03-07
1820,667,2026-03-18
1821,667,2026-03-09
1822,667,2026-03-10
1823,667,2026-03-30
1824,669,2026-03-01
1825,669,2026-03-11
1826,669,2026-03-30
1827,669,2026-03-27
1828,672,2026-03-28
1829,672,2026-03-23
1830,673,2026-02-26
1831,673,2026-02-14
1832,673,2026-03-01
1833,673,2026-03-29
1834,673,2026-02-10
1835,673,2026-03-01
1836,673,2026-03-10
1837,673,2026-01-23
1838,673,2026-02-01
1839,673,2026-03-07
1840,673,2026-02-02
1841,673,2026-01-29
1842,673,2026-02-27
1843,673,2026-03-11
1844,674,2026-02-14
1845,674,2026-01-28
1846,675,2026-02-20
1847,675,2026-03-23
1848,675,2026-03-12
1849,675,2026-02-12
1850,675,2026-03-09
1851,676,2026-03-15
1852,677,2026-03-23
1853,677,2026-02-27
1854,677,2026-02-19
1855,679,2026-02-06
1856,679,2026-01-18
1857,679,2026-03-11
1858,679,2026-03-08
1859,679,2026-03-01
1860,679,2026-03-15
1861,679,2026-01-15
1862,679,2026-01-10
1863,679,2026-02-01
1864,679,2026-01-27
1865,680,2026-01-09
1866,680,2026-02-11
1867,680,2026-01-09
1868,680,2026-03-26
1869,680,2026-02-02
1870,681,2026-03-12
1871,681,2026-01-29
1872,683,2026-03-24
1873,683,2026-03-13
1874,684,2026-03-15
1875,685,2026-03-07
1876,685,2026-03-22
1877,685,2026-02-19
1878,686,2026-03-02
1879,688,2026-03-27
1880,689,2026-03-31
1881,689,2026-03-05
1882,689,2026-02-10
1883,689,2026-03-31
1884,690,2026-03-12
1885,691,2026-03-31
1886,692,2026-03-11
1887,692,2026-02-26
1888,692,2026-02-03
1889,692,2026-01-08
1890,695,2026-03-01
1891,695,2026-01-20
1892,695,2026-01-23
1893,695,2026-03-24
1894,697,2026-02-11
1895,698,2026-03-04
1896,699,2026-03-06
1897,699,2026-02-25
1898,699,2026-02-17
1899,700,2026-03-13
1900,700,2026-02-21
1901,700,2026-02-24
1902,701,2026-03-15
1903,701,2026-03-30
1904,701,2026-02-15
1905,702,2026-03-27
1906,702,2026-03-21
1907,702,2026-03-26
1908,702,2026-03-27
1909,703,2026-03-09
1910,703,2026-03-06
1911,704,2026-02-11
1912,704,2026-01-20
1913,704,2026-01-30
1914,704,2026-02-01
1915,704,2026-03-19
1916,704,2026-02-10
1917,705,2026-02-24
1918,705,2026-02-09
1919,705,2026-01-14
1920,705,2026-02-08
1921,705,2026-02-26
1922,705,2026-02-06
1923,705,2026-02-01
1924,705,2026-02-13
1925,707,2026-03-19
1926,707,2026-03-08
1927,707,2026-03-03
1928,707,2026-03-04
1929,709,2026-03-29
1930,709,2026-03-09
1931,709,2026-03-03
1932,710,2026-02-25
1933,710,2026-02-09
1934,710,2026-03-15
1935,711,2026-03-30
1936,713,2026-03-02
1937,713,2026-02-15
1938,713,2026-03-12
1939,713,2026-03-12
1940,713,2026-03-06
1941,713,2026-02-18
1942,713,2026-03-19
1943,713,2026-02-17
1944,713,2026-02-19
1945,713,2026-03-09
1946,713,2026-03-28
1947,714,2026-02-12
1948,714,2026-01-16
1949,714,2026-03-10
1950,714,2026-03-08
1951,714,2026-02-14
1952,714,2026-02-17
1953,714,2026-01-11
1954,715,2026-03-24
1955,715,2026-03-19
1956,715,2026-03-09
1957,715,2026-03-15
1958,715,2026-02-23
1959,717,2026-03-28
1960,719,2026-02-24
1961,719,2026-03-16
1962,720,2026-03-10
1963,720,2026-02-22
1964,720,2026-03-12
1965,720,2026-02-22
1966,720,2026-03-07
1967,721,2026-02-13
1968,721,2026-03-30
1969,721,2026-02-28
1970,722,2026-02-12
1971,723,2026-02-20
1972,723,2026-03-20
1973,723,2026-01-01
1974,723,2026-02-24
1975,723,2026-01-20
1976,723,2026-03-19
1977,723,2026-03-27
1978,723,2026-03-31
1979,724,2026-02-18
1980,725,2026-03-30
1981,726,2026-02-27
1982,726,2026-01-21
1983,726,2026-03-22
1984,728,2026-02-25
1985,728,2026-02-21
1986,728,2026-01-11
1987,728,2026-01-30
1988,728,2026-01-25
1989,728,2026-02-02
1990,728,2026-02-14
1991,728,2026-02-11
1992,728,2026-03-12
1993,728,2026-02-13
1994,728,2026-02-14
1995,728,2026-02-27
1996,729,2026-03-18
1997,729,2026-03-12
1998,729,2026-03-30
1999,731,2026-03-24
2000,731,2026-03-28
2001,732,2026-03-05
2002,732,2026-02-23
2003,732,2026-03-02
2004,732,2026-03-18
2005,733,2026-02-13
2006,733,2026-03-20
2007,734,2026-02-12
2008,734,2026-02-04
2009,734,2026-02-18
2010,735,2026-02-18
2011,735,2026-03-11
2012,735,2026-03-07
2013,735,2026-02-25
2014,736,2026-03-20
2015,736,2026-03-11
2016,736,2026-03-15
2017,738,2026-03-18
2018,738,2026-02-08
2019,738,2026-01-27
2020,738,2026-02-25
2021,739,2026-03-23
2022,739,2026-03-05
2023,741,2026-03-09
2024,741,2026-01-28
2025,741,2026-02-13
2026,741,2026-03-30
2027,741,2026-03-29
2028,741,2026-01-11
2029,741,2026-03-25
2030,741,2026-02-16
2031,741,2026-02-04
2032,741,2026-02-15
2033,741,2026-01-09
2034,741,2026-03-15
2035,741,2026-02-06
2036,742,2026-03-12
2037,743,2026-03-22
2038,744,2026-03-15
2039,744,2026-03-20
2040,744,2026-03-18
2041,744,2026-03-26
2042,744,2026-03-31
2043,745,2026-02-26
2044,745,2026-03-23
2045,745,2026-03-28
2046,745,2026-03-22
2047,745,2026-03-28
2048,745,2026-03-10
2049,745,2026-03-16
2050,746,2026-01-24
2051,746,2026-03-10
2052,746,2026-03-06
2053,746,2026-01-22
2054,747,2026-03-29
2055,748,2026-02-18
2056,748,2026-01-11
2057,748,2026-03-04
2058,748,2026-02-14
2059,748,2026-02-01
2060,748,2026-02-14
2061,748,2026-02-10
2062,748,2026-03-02
2063,748,2026-03-17
2064,748,2026-01-17
2065,748,2026-02-20
2066,749,2026-02-24
2067,749,2026-03-26
2068,749,2026-03-25
2069,753,2026-02-14
2070,753,2026-03-20
2071,753,2026-03-16
2072,753,2026-03-19
2073,754,2026-03-23
2074,754,2026-02-04
2075,754,2026-02-02
2076,754,2026-02-23
2077,756,2026-01-27
2078,756,2026-01-16
2079,756,2026-01-12
2080,756,2026-03-18
2081,756,2026-02-02
2082,757,2026-02-22
2083,757,2026-03-08
2084,757,2026-02-13
2085,758,2026-03-21
2086,758,2026-03-26
2087,759,2026-02-08
2088,759,2026-03-14
2089,759,2026-03-26
2090,760,2026-02-22
2091,760,2026-01-25
2092,760,2026-02-04
2093,760,2026-03-23
2094,760,2026-01-18
2095,760,2026-02-10
2096,761,2026-02-10
2097,761,2026-03-06
2098,761,2026-02-19
2099,762,2026-01-27
2100,762,2026-02-25
2101,762,2026-02-09
2102,762,2026-01-08
2103,763,2026-03-30
2104,763,2026-03-22
2105,763,2026-01-25
2106,764,2026-02-25
2107,764,2026-02-22
2108,764,2026-03-26
2109,765,2026-03-30
2110,765,2026-03-21
2111,766,2026-03-27
2112,768,2026-03-05
2113,768,2026-02-28
2114,768,2026-02-18
2115,769,2026-03-26
2116,770,2026-03-28
2117,770,2026-03-29
2118,770,2026-03-18
2119,771,2026-03-28
2120,771,2026-02-17
2121,771,2026-03-17
2122,771,2026-02-20
2123,771,2026-03-27
2124,771,2026-03-31
2125,772,2026-02-12
2126,772,2026-02-17
2127,772,2026-03-20
2128,772,2026-03-06
2129,772,2026-03-13
2130,772,2026-02-06
2131,773,2026-03-03
2132,773,2026-02-11
2133,773,2026-02-12
2134,773,2026-02-04
2135,773,2026-02-15
2136,773,2026-03-30
2137,773,2026-02-07
2138,773,2026-03-27
2139,773,2026-02-26
2140,773,2026-03-10
2141,774,2026-02-15
2142,775,2026-01-16
2143,775,2026-02-02
2144,775,2026-03-04
2145,775,2026-02-16
2146,775,2026-03-30
2147,775,2026-02-10
2148,775,2026-03-17
2149,775,2026-03-02
2150,775,2026-02-23
2151,775,2026-01-07
2152,775,2026-01-09
2153,775,2026-03-18
2154,776,2026-03-09
2155,777,2026-01-27
2156,777,2026-03-23
2157,778,2026-03-21
2158,780,2026-03-11
2159,780,2026-03-20
2160,780,2026-03-18
2161,780,2026-03-17
2162,780,2026-03-20
2163,781,2026-03-26
2164,782,2026-03-22
2165,782,2026-02-09
2166,782,2026-03-07
2167,783,2026-03-13
2168,784,2026-03-05
2169,784,2026-03-25
2170,784,2026-03-20
2171,784,2026-03-19
2172,784,2026-03-06
2173,785,2026-01-11
2174,785,2026-03-31
2175,785,2026-03-04
2176,785,2026-03-05
2177,786,2026-03-25
2178,786,2026-03-06
2179,786,2026-03-16
2180,787,2026-02-16
2181,787,2026-03-23
2182,787,2026-02-20
2183,787,2026-02-17
2184,788,2026-03-26
2185,789,2026-02-27
2186,789,2026-03-15
2187,789,2026-03-30
2188,790,2026-03-14
2189,790,2026-02-27
2190,790,2026-03-20
2191,790,2026-02-03
2192,790,2026-03-18
2193,791,2026-03-28
2194,791,2026-03-31
2195,792,2026-02-25
2196,793,2026-01-25
2197,793,2026-03-30
2198,793,2026-01-27
2199,793,2026-01-30
2200,794,2026-03-01
2201,794,2026-01-28
2202,795,2026-03-21
2203,795,2026-03-31
2204,795,2026-03-14
2205,795,2026-03-26
2206,795,2026-03-08
2207,796,2026-02-28
2208,796,2026-03-26
2209,796,2026-03-13
2210,796,2026-03-24
2211,797,2026-03-19
2212,797,2026-03-30
2213,797,2026-03-27
2214,798,2026-03-25
2215,798,2026-01-30
2216,798,2026-01-29
2217,799,2026-02-24
2218,799,2026-01-23
2219,799,2026-02-28
2220,800,2026-03-21
